{"episode_lengths": [1373], "initial_reset_timestamp": 1490228016.1663003, "timestamps": [1490228072.9000742], "episode_rewards": [38.0], "episode_types": ["t"]}