{"initial_reset_timestamp": 1490287207.6810932, "timestamps": [1490287266.0273907], "episode_types": ["t"], "episode_lengths": [1436], "episode_rewards": [53.0]}